"","Sample_ID","RNA_Original_concentration","RNA_Dilution_concentration","Cq","Genotype_Micro","Genotype","known_geno","Treatment","Tank","number_Samples","Final_State","Final_fraction_Disease","Days_to_disease_signs","days_from_initial_to_final","General_Notes","Extra_notes","extra2_notes","extra3_notes","Experiment","sample","tube_number","box","ID_Micro","SampleLocation","Disease_Exposed","Disease_Outcome","Disease_Prevalence","Sample_Uniq_ID","Exp_1","Exp_2","Exp_3","Exp_4","Sampled","timepoint","sample_date","Date_initial","Date_final","Date_exp_started","Real_timepoint","R_TP","Order_TP","percent_uniq","million_uniq","uniqsample"
"1","2_278",3,10,24,"S509","S509","Y","C",58,3,"Control",0,NA,NA,NA,NA,NA,NA,2,"278-3_2/14/22","278",3,"58 _ 2 _ S509","T_278_Exp_2_Box_3",0,0,1,"T_278_Exp_2",0,1,0,0,1,"Early_Exposure","2/14/22",NA,"2/17/22","2/12/22","Early_Exposure","EE",3,36.69,5792384,1
"2","2_181",9,10,23,"OF655","OF655","Y","C",67,3,"Control",0,NA,NA,NA,NA,NA,NA,2,"181-2_2/8/22","181",2,"67 _ 2 _ OF655","T_181_Exp_2_Box_2",0,0,1,"T_181_Exp_2",0,1,0,0,1,"Pre_Exposure","2/8/22",NA,"2/16/22","2/12/22","Pre_Exposure","PE",1,43.99,5015705,1
"3","2_215",6,10,21,"OF700","OF700","Y","C",55,4,"Control",0,NA,NA,NA,NA,NA,NA,2,"215-3_2/13/22","215",3,"55 _ 2 _ OF700","T_215_Exp_2_Box_3",0,0,1,"T_215_Exp_2",0,1,0,0,1,"Initial_Disease","2/13/22","2/13/22","2/15/22","2/12/22","Pre_Early_Exposure","PEE",2,39.26,4815823,1
"4","2_173",3,10,23,"OF705","OF705","Y","C",65,3,"Control",0,NA,NA,NA,NA,NA,NA,2,"173-2_2/8/22","173",2,"65 _ 2 _ OF705","T_173_Exp_2_Box_2",0,0,1,"T_173_Exp_2",0,1,0,0,1,"Pre_Exposure","2/8/22",NA,"2/15/22","2/12/22","Pre_Exposure","PE",1,37.48,5633457,1
"5","2_585",12,10,22,"OF592","OF592","Y","D",30,4,"Diseased",0.2,5,2,NA,NA,NA,NA,2,"585-7_2/19/22","585",7,"30 _ 2 _ OF592","T_585_Exp_2_Box_7",1,1,0.5,"T_585_Exp_2",0,1,0,0,1,"Final","2/19/22","2/17/22","2/19/22","2/12/22","Final","FS",5,31.31,4848748,1
"6","2_145",1,10,22,"OF132","OF132","Y","C",60,3,"Control",0,NA,NA,NA,NA,NA,NA,2,"145-2_2/8/22","145",2,"60 _ 2 _ OF132","T_145_Exp_2_Box_2",0,0,0.666666667,"T_145_Exp_2",0,1,0,0,1,"Pre_Exposure","2/8/22",NA,"2/16/22","2/12/22","Pre_Exposure","PE",1,31.43,4550283,1
"7","2_43",5,10,22,"GB13","GB13","N","D",22,3,"Diseased",0.5,6,0,NA,NA,NA,NA,2,"43-1_2/8/22","43",1,"22 _ 2 _ GB13","T_43_Exp_2_Box_1",1,1,0.666666667,"T_43_Exp_2",0,1,0,0,1,"Pre_Exposure","2/8/22",NA,"2/18/22","2/12/22","Pre_Exposure","PE",1,38.8,6569304,1
"8","2_464",7,10,22,"AE3","AE3","Y","C",69,3,"Control",0,NA,NA,NA,NA,NA,NA,2,"464-5_2/16/22","464",5,"69 _ 2 _ AE3","T_464_Exp_2_Box_5",0,0,1,"T_464_Exp_2",0,1,0,0,1,"Final","2/16/22",NA,"2/16/22","2/12/22","Final","FS",5,38.57,6115312,1
"9","2_336",5,10,20,"OF99","OF99","Y","C",70,4,"Control",0,NA,NA,NA,NA,NA,NA,2,"336-4_2/14/22","336",4,"70 _ 2 _ OF99","T_336_Exp_2_Box_4",0,0,1,"T_336_Exp_2",0,1,0,0,1,"Early_Exposure","2/14/22","2/16/22","2/17/22","2/12/22","Early_Exposure","EE",3,46.41,6452198,1
"10","2_307",2,10,23,"OF61","OF61","Y","C",64,4,"Control",0,NA,NA,NA,NA,NA,NA,2,"307-4_2/14/22","307",4,"64 _ 2 _ OF61","T_307_Exp_2_Box_4",0,0,1,"T_307_Exp_2",0,1,0,0,1,"Early_Exposure","2/14/22","2/13/22","2/21/22","2/12/22","Early_Exposure","EE",3,41.4,4017678,1
"11","2_619",4,10,23,"GB5","GB5","N","D",20,3,"Healthy",0,NA,NA,NA,NA,NA,NA,2,"619-7_2/23/22","619",7,"20 _ 2 _ GB5","T_619_Exp_2_Box_7",1,0,0.5,"T_619_Exp_2",0,1,0,0,1,"Final","2/23/22",NA,"2/23/22","2/12/22","Final","FS",5,45.83,7133468,1
"12","2_151",4,10,22,"OF101","OF101","Y","C",61,3,"Control",0,NA,NA,NA,NA,NA,NA,2,"151-2_2/8/22","151",2,"61 _ 2 _ OF101","T_151_Exp_2_Box_2",0,0,1,"T_151_Exp_2",0,1,0,0,1,"Pre_Exposure","2/8/22",NA,"2/15/22","2/12/22","Pre_Exposure","PE",1,39.73,7750060,1
"13","2_453",9,10,21,"OF101","OF101","Y","D",47,3,"Diseased",0.1,3,0,NA,NA,NA,NA,2,"453-5_2/15/22","453",5,"47 _ 2 _ OF101","T_453_Exp_2_Box_5",1,1,1,"T_453_Exp_2",0,1,0,0,1,"Final","2/15/22",NA,"2/15/22","2/12/22","Final","FS",5,31.48,4522507,1
"14","2_432",3,10,22,"GB6","GB6","N","D",50,4,"Watch",0,NA,NA,NA,NA,NA,NA,2,"432-5_2/14/22","432",5,"50 _ 2 _ GB6","T_432_Exp_2_Box_5",1,0,0.5,"T_432_Exp_2",0,1,0,0,1,"Early_Exposure","2/14/22","2/13/22","2/23/22","2/12/22","Early_Exposure","EE",3,36.56,5709866,1
"15","2_295",3,10,23,"F-1-A","F_1_A","Y","C",62,3,"Control",0,NA,NA,NA,NA,NA,NA,2,"295-4_2/14/22","295",4,"62 _ 2 _ F-1-A","T_295_Exp_2_Box_4",0,0,1,"T_295_Exp_2",0,1,0,0,1,"Early_Exposure","2/14/22",NA,"2/18/22","2/12/22","Early_Exposure","EE",3,37.51,4244454,1
"16","2_280",6,10,20,"OF3","OF3","Y","C",59,3,"Control",0,NA,NA,NA,NA,NA,NA,2,"280-3_2/14/22","280",3,"59 _ 2 _ OF3","T_280_Exp_2_Box_3",0,0,0.666666667,"T_280_Exp_2",0,1,0,0,1,"Early_Exposure","2/14/22",NA,"2/16/22","2/12/22","Early_Exposure","EE",3,34.18,5397869,1
"17","2_614",14,10,22,"GB26","GB26","N","D",3,3,"Healthy",0,NA,NA,NA,NA,NA,NA,2,"614-7_2/23/22","614",7,"3 _ 2 _ GB26","T_614_Exp_2_Box_7",1,0,0.333333333,"T_614_Exp_2",0,1,0,0,1,"Final","2/23/22",NA,"2/23/22","2/12/22","Final","FS",5,40.17,6828632,1
"18","2_393",2,10,21,"OF592","OF592","Y","D",30,4,"Diseased",0.2,5,2,NA,NA,NA,NA,2,"393-5_2/14/22","393",5,"30 _ 2 _ OF592","T_393_Exp_2_Box_5",1,1,0.5,"T_393_Exp_2",0,1,0,0,1,"Early_Exposure","2/14/22","2/17/22","2/19/22","2/12/22","Early_Exposure","EE",3,31.43,4805257,1
"19","2_350",7,10,22,"OF656","OF656","Y","D",7,3,"Diseased",0.3,9,0,NA,NA,NA,NA,2,"350-4_2/14/22","350",4,"7 _ 2 _ OF656","T_350_Exp_2_Box_4",1,1,1,"T_350_Exp_2",0,1,0,0,1,"Early_Exposure","2/14/22",NA,"2/21/22","2/12/22","Early_Exposure","EE",3,30.54,5087662,1
"20","2_354",4,10,22,"OF11","OF11","Y","D",9,3,"Diseased",0.5,6,0,NA,NA,NA,NA,2,"354-4_2/14/22","354",4,"9 _ 2 _ OF11","T_354_Exp_2_Box_4",1,1,1,"T_354_Exp_2",0,1,0,0,1,"Early_Exposure","2/14/22",NA,"2/18/22","2/12/22","Early_Exposure","EE",3,38.45,9981940,1
"21","2_85",5,10,22,"S331","S331","Y","D",43,3,"Diseased",0.5,7,0,NA,NA,NA,NA,2,"85-2_2/8/22","85",2,"43 _ 2 _ S331","T_85_Exp_2_Box_2",1,1,1,"T_85_Exp_2",0,1,0,0,1,"Pre_Exposure","2/8/22",NA,"2/19/22","2/12/22","Pre_Exposure","PE",1,34.47,6717057,1
"22","2_5",7,10,21,"AE10","AE10","Y","D",3,3,"Healthy",0,NA,NA,NA,NA,NA,NA,2,"5-1_2/8/22","5",1,"3 _ 2 _ AE10","T_5_Exp_2_Box_1",1,0,0,"T_5_Exp_2",0,1,0,0,1,"Pre_Exposure","2/8/22",NA,"2/23/22","2/12/22","Pre_Exposure","PE",1,29.74,6544364,1
"23","2_609",14,10,21,"GB8","GB8","N","C",65,4,"Control",0,NA,NA,NA,NA,NA,NA,2,"609-7_2/23/22","609",7,"65 _ 2 _ GB8","T_609_Exp_2_Box_7",0,0,0.333333333,"T_609_Exp_2",0,1,0,0,1,"Final","2/23/22","2/23/22","2/23/22","2/12/22","Final","FS",5,34.84,6049534,1
"24","2_132",4,10,23,"GB5","GB5","N","C",57,3,"Control",0,NA,NA,NA,NA,NA,NA,2,"132-2_2/8/22","132",2,"57 _ 2 _ GB5","T_132_Exp_2_Box_2",0,0,0.5,"T_132_Exp_2",0,1,0,0,1,"Pre_Exposure","2/8/22",NA,"2/23/22","2/12/22","Pre_Exposure","PE",1,33.25,4462238,1
"25","2_81",4,10,21,"F-1-A","F_1_A","Y","D",41,3,"Diseased",0.5,6,0,NA,NA,NA,NA,2,"81-1_2/8/22","81",1,"41 _ 2 _ F-1-A","T_81_Exp_2_Box_1",1,1,1,"T_81_Exp_2",0,1,0,0,1,"Pre_Exposure","2/8/22",NA,"2/18/22","2/12/22","Pre_Exposure","PE",1,38.74,9737768,1
"26","2_155",5,10,22,"15-358","15_358","Y","C",62,3,"Control",0,NA,NA,NA,NA,NA,NA,2,"155-2_2/8/22","155",2,"62 _ 2 _ 15-358","T_155_Exp_2_Box_2",0,0,1,"T_155_Exp_2",0,1,0,0,1,"Pre_Exposure","2/8/22",NA,"2/16/22","2/12/22","Pre_Exposure","PE",1,42.69,8101966,1
"27","2_217",3,10,22,"OF201","OF201","Y","C",69,3,"Control",0,NA,NA,NA,NA,NA,NA,2,"217-3_2/13/22","217",3,"69 _ 2 _ OF201","T_217_Exp_2_Box_3",0,0,1,"T_217_Exp_2",0,1,0,0,1,"Initial_Disease","2/13/22","2/13/22","2/14/22","2/12/22","Pre_Early_Exposure","PEE",2,31.62,6003966,1
"28","2_37",4,10,22,"OF3","OF3","Y","D",19,3,"Diseased",0.2,4,0,NA,NA,NA,NA,2,"37-1_2/8/22","37",1,"19 _ 2 _ OF3","T_37_Exp_2_Box_1",1,1,0.666666667,"T_37_Exp_2",0,1,0,0,1,"Pre_Exposure","2/8/22",NA,"2/16/22","2/12/22","Pre_Exposure","PE",1,38.11,8145625,1
"29","2_125",4,10,22,"15-353","15_353","Y","C",56,3,"Control",0,NA,NA,NA,NA,NA,NA,2,"125-2_2/8/22","125",2,"56 _ 2 _ 15-353","T_125_Exp_2_Box_2",0,0,1,"T_125_Exp_2",0,1,0,0,1,"Pre_Exposure","2/8/22",NA,"2/16/22","2/12/22","Pre_Exposure","PE",1,40.7,6433504,1
"30","2_158",7,10,21,"OF56","OF56","Y","C",62,3,"Control",0,NA,NA,NA,NA,NA,NA,2,"158-2_2/8/22","158",2,"62 _ 2 _ OF56","T_158_Exp_2_Box_2",0,0,0,"T_158_Exp_2",0,1,0,0,1,"Pre_Exposure","2/8/22",NA,"2/23/22","2/12/22","Pre_Exposure","PE",1,31.1,8427481,1
"31","2_317",3,10,NA,"OF46","OF46","Y","C",66,3,"Control",0,NA,NA,NA,NA,NA,NA,2,"317-4_2/14/22","317",4,"66 _ 2 _ OF46","T_317_Exp_2_Box_4",0,0,1,"T_317_Exp_2",0,1,0,0,1,"Early_Exposure","2/14/22",NA,"2/19/22","2/12/22","Early_Exposure","EE",3,42.72,4352363,1
"32","2_398",2,10,NA,"15-111","15_111","Y","D",31,3,"Diseased",0.5,2,0,NA,NA,NA,NA,2,"398-5_2/14/22","398",5,"31 _ 2 _ 15-111","T_398_Exp_2_Box_5",1,1,1,"T_398_Exp_2",0,1,0,0,1,"Initial_Disease","2/14/22","2/14/22","2/14/22","2/12/22","Early_Exposure","EE",3,47.7,8835496,1
"33","2_374",2,10,NA,"15-431","15_431","Y","D",21,3,"Diseased",0.1,4,0,NA,NA,NA,NA,2,"374-4_2/14/22","374",4,"21 _ 2 _ 15-431","T_374_Exp_2_Box_4",1,1,1,"T_374_Exp_2",0,1,0,0,1,"Early_Exposure","2/14/22",NA,"2/16/22","2/12/22","Early_Exposure","EE",3,44.79,10175222,1
"34","2_390",4,2,20,"S483","S483","Y","D",29,4,"Diseased",0.2,6,1,"no final pair, but sample taken day before",NA,NA,NA,2,"390-5_2/14/22","390",5,"29 _ 2 _ S483","T_390_Exp_2_Box_5",1,1,1,"T_390_Exp_2",0,1,0,0,1,"Early_Exposure","2/14/22","2/18/22","2/19/22","2/12/22","Early_Exposure","EE",3,41.81,6886422,1
"35","2_56",3,2,21,"OF75","OF75","Y","D",28,3,"Diseased",0.4,4,0,NA,NA,NA,NA,2,"56-1_2/8/22","56",1,"28 _ 2 _ OF75","T_56_Exp_2_Box_1",1,1,1,"T_56_Exp_2",0,1,0,0,1,"Pre_Exposure","2/8/22",NA,"2/16/22","2/12/22","Pre_Exposure","PE",1,48.03,10868176,1
"36","2_505",3,2,22,"15-350","15_350","Y","D",36,4,"Diseased",0.3,4,2,NA,NA,NA,NA,2,"505-6_2/16/22","505",6,"36 _ 2 _ 15-350","T_505_Exp_2_Box_6",1,1,1,"T_505_Exp_2",0,1,0,0,1,"Initial_Disease","2/16/22","2/16/22","2/18/22","2/12/22","Initial_Disease","ID",4,43.28,6803981,1
"37","2_80",3,2,21,"F12","F12","Y","D",39,2,"Diseased",0.5,2,0,NA,"203-3_2/11/22",NA,NA,2,"80-1_2/8/22","80",1,"39 _ 2 _ F12","T_80_Exp_2_Box_1",1,1,1,"T_80_Exp_2",0,1,0,0,1,"Pre_Exposure","2/8/22",NA,"2/14/22","2/12/22","Pre_Exposure","PE",1,33.41,6497365,1
"38","2_86",1,2,20,"GB3","GB3","N","D",43,3,"Diseased",0.2,5,0,NA,NA,NA,NA,2,"86-2_2/8/22","86",2,"43 _ 2 _ GB3","T_86_Exp_2_Box_2",1,1,0.666666667,"T_86_Exp_2",0,1,0,0,1,"Pre_Exposure","2/8/22",NA,"2/17/22","2/12/22","Pre_Exposure","PE",1,31.51,4347337,1
"39","2_371",1,2,21,"OF602","OF602","Y","D",19,3,"Diseased",0.6,5,0,NA,NA,NA,NA,2,"371-4_2/14/22","371",4,"19 _ 2 _ OF602","T_371_Exp_2_Box_4",1,1,1,"T_371_Exp_2",0,1,0,0,1,"Early_Exposure","2/14/22",NA,"2/17/22","2/12/22","Early_Exposure","EE",3,38.45,5119167,1
"40","2_372",1,2,21,"GB5","GB5","N","D",20,3,"Healthy",0,NA,NA,NA,NA,NA,NA,2,"372-4_2/14/22","372",4,"20 _ 2 _ GB5","T_372_Exp_2_Box_4",1,0,0.5,"T_372_Exp_2",0,1,0,0,1,"Early_Exposure","2/14/22",NA,"2/23/22","2/12/22","Early_Exposure","EE",3,33.23,5215021,1
"41","2_427",1,2,22,"OF745","OF745","Y","D",47,3,"Diseased",0.6,4,0,NA,NA,NA,NA,2,"427-5_2/14/22","427",5,"47 _ 2 _ OF745","T_427_Exp_2_Box_5",1,1,1,"T_427_Exp_2",0,1,0,0,1,"Early_Exposure","2/14/22",NA,"2/16/22","2/12/22","Early_Exposure","EE",3,39.54,5209845,1
"42","2_83",1,2,19,"F32","F32","Y","D",42,4,"Diseased",0.6,4,1,NA,NA,NA,NA,2,"83-2_2/8/22","83",2,"42 _ 2 _ F32","T_83_Exp_2_Box_2",1,1,1,"T_83_Exp_2",0,1,0,0,1,"Pre_Exposure","2/8/22","2/16/22","2/17/22","2/12/22","Pre_Exposure","PE",1,34.31,4453044,1
"43","2_415",1.44,1,19,"S509","S509","Y","D",41,3,"Diseased",0.5,6,0,NA,NA,NA,NA,2,"415-5_2/14/22","415",5,"41 _ 2 _ S509","T_415_Exp_2_Box_5",1,1,1,"T_415_Exp_2",0,1,0,0,1,"Early_Exposure","2/14/22",NA,"2/18/22","2/12/22","Early_Exposure","EE",3,23.5,4328189,1
"44","2_32",0.96,1,19,"OF201","OF201","Y","D",16,3,"Diseased",0.5,1,1,NA,NA,NA,NA,2,"32-1_2/8/22","32",1,"16 _ 2 _ OF201","T_32_Exp_2_Box_1",1,1,1,"T_32_Exp_2",0,1,0,0,1,"Pre_Exposure","2/8/22","2/13/22","2/14/22","2/12/22","Pre_Exposure","PE",1,19.54,4380787,1
"45","2_84",0.92,1,20,"OF705","OF705","Y","D",42,3,"Diseased",0.5,3,0,NA,NA,NA,NA,2,"84-2_2/8/22","84",2,"42 _ 2 _ OF705","T_84_Exp_2_Box_2",1,1,1,"T_84_Exp_2",0,1,0,0,1,"Pre_Exposure","2/8/22",NA,"2/15/22","2/12/22","Pre_Exposure","PE",1,34.24,9700828,1
"46","2_73",3.39,1,20,"S483","S483","Y","D",37,3,"Diseased",0.5,2,1,NA,NA,NA,NA,2,"73-1_2/8/22","73",1,"37 _ 2 _ S483","T_73_Exp_2_Box_1",1,1,1,"T_73_Exp_2",0,1,0,0,1,"Pre_Exposure","2/8/22","2/14/22","2/15/22","2/12/22","Pre_Exposure","PE",1,23.51,5564332,1
"47","2_59",0.92,1,20,"OF125","OF125","Y","D",30,3,"Diseased",0.5,4,0,NA,NA,NA,NA,2,"59-1_2/8/22","59",1,"30 _ 2 _ OF125","T_59_Exp_2_Box_1",1,1,1,"T_59_Exp_2",0,1,0,0,1,"Pre_Exposure","2/8/22",NA,"2/16/22","2/12/22","Pre_Exposure","PE",1,33.8,6113625,1
"48","2_424",1,1,19,"GB10","GB10","N","D",46,3,"Diseased",0.2,5,0,NA,NA,NA,NA,2,"424-5_2/14/22","424",5,"46 _ 2 _ GB10","T_424_Exp_2_Box_5",1,1,0.666666667,"T_424_Exp_2",0,1,0,0,1,"Early_Exposure","2/14/22",NA,"2/17/22","2/12/22","Early_Exposure","EE",3,25.9,5221680,1
"49","2_423",0.92,1,20,"OF98","OF98","Y","D",45,3,"Diseased",0.3,4,0,NA,NA,NA,NA,2,"423-5_2/14/22","423",5,"45 _ 2 _ OF98","T_423_Exp_2_Box_5",1,1,1,"T_423_Exp_2",0,1,0,0,1,"Early_Exposure","2/14/22",NA,"2/16/22","2/12/22","Early_Exposure","EE",3,29.76,4126238,1
"50","2_565",1.68,1,21,"OF416","OF416","Y","D",26,4,"Diseased",0.2,6,1,NA,NA,NA,NA,2,"565-6_2/18/22","565",6,"26 _ 2 _ OF416","T_565_Exp_2_Box_6",1,1,0.5,"T_565_Exp_2",0,1,0,0,1,"Initial_Disease","2/18/22","2/18/22","2/19/22","2/12/22","Initial_Disease","ID",4,45.93,9585840,1
"51","2_591",1.22,1,19,"GB21","GB21","N","D",6,4,"Diseased",0.6,8,1,NA,NA,NA,NA,2,"591-7_2/20/22","591",7,"6 _ 2 _ GB21","T_591_Exp_2_Box_7",1,1,0.666666667,"T_591_Exp_2",0,1,0,0,1,"Initial_Disease","2/20/22","2/20/22","2/21/22","2/12/22","Initial_Disease","ID",4,37.97,4234037,1
"52","2_90",0.88,1,21,"OF98","OF98","Y","D",45,3,"Diseased",0.3,4,0,NA,NA,NA,NA,2,"90-2_2/8/22","90",2,"45 _ 2 _ OF98","T_90_Exp_2_Box_2",1,1,1,"T_90_Exp_2",0,1,0,0,1,"Pre_Exposure","2/8/22",NA,"2/16/22","2/12/22","Pre_Exposure","PE",1,27.33,5293393,1
"53","2_566",3.39,1,21,"OF200","OF200","Y","D",26,4,"Diseased",0.5,6,1,NA,NA,NA,NA,2,"566-6_2/18/22","566",6,"26 _ 2 _ OF200","T_566_Exp_2_Box_6",1,1,1,"T_566_Exp_2",0,1,0,0,1,"Initial_Disease","2/18/22","2/18/22","2/19/22","2/12/22","Initial_Disease","ID",4,25.38,5664153,1
"54","2_47",1.54,1,19,"OF680","OF680","Y","D",24,3,"Diseased",0.3,5,0,NA,NA,NA,NA,2,"47-1_2/8/22","47",1,"24 _ 2 _ OF680","T_47_Exp_2_Box_1",1,1,1,"T_47_Exp_2",0,1,0,0,1,"Pre_Exposure","2/8/22",NA,"2/17/22","2/12/22","Pre_Exposure","PE",1,48.69,7419513,1
"55","2_230",1.11,1,19,"1-OF-2","1_OF_2","Y","D",33,3,"Diseased",0.6,1,1,NA,NA,NA,NA,2,"230-3_2/13/22","230",3,"33 _ 2 _ 1-OF-2","T_230_Exp_2_Box_3",1,1,1,"T_230_Exp_2",0,1,0,0,1,"Initial_Disease","2/13/22","2/13/22","2/14/22","2/12/22","Pre_Early_Exposure","PEE",2,38.36,7442393,1
"56","2_91",0.8,1,19,"OF56","OF56","Y","D",46,3,"Healthy",0,NA,NA,NA,NA,NA,NA,2,"91-2_2/8/22","91",2,"46 _ 2 _ OF56","T_91_Exp_2_Box_2",1,0,0,"T_91_Exp_2",0,1,0,0,1,"Pre_Exposure","2/8/22",NA,"2/23/22","2/12/22","Pre_Exposure","PE",1,31.06,5916768,1
"57","2_69",8,2,17,"15-358","15_358","Y","D",35,3,"Diseased",0.5,4,0,NA,NA,NA,NA,2,"69-1_2/8/22","69",1,"35 _ 2 _ 15-358","T_69_Exp_2_Box_1",1,1,1,"T_69_Exp_2",0,1,0,0,1,"Pre_Exposure","2/8/22",NA,"2/16/22","2/12/22","Pre_Exposure","PE",1,35.25,10290703,1
"58","2_561",6,2,18,"S331","S331","Y","D",10,4,"Diseased",0.2,6,1,NA,NA,NA,NA,2,"561-6_2/18/22","561",6,"10 _ 2 _ S331","T_561_Exp_2_Box_6",1,1,1,"T_561_Exp_2",0,1,0,0,1,"Initial_Disease","2/18/22","2/18/22","2/19/22","2/12/22","Initial_Disease","ID",4,31.58,5563586,1
"59","2_13",4,2,23,"OF656","OF656","Y","D",7,3,"Diseased",0.3,9,0,NA,NA,NA,NA,2,"13-1_2/8/22","13",1,"7 _ 2 _ OF656","T_13_Exp_2_Box_1",1,1,1,"T_13_Exp_2",0,1,0,0,1,"Pre_Exposure","2/8/22",NA,"2/21/22","2/12/22","Pre_Exposure","PE",1,43.32,8185656,1
"60","2_420",4,2,18,"GB8","GB8","N","D",44,3,"Healthy",0,NA,NA,NA,NA,NA,NA,2,"420-5_2/14/22","420",5,"44 _ 2 _ GB8","T_420_Exp_2_Box_5",1,0,0.333333333,"T_420_Exp_2",0,1,0,0,1,"Early_Exposure","2/14/22",NA,"2/23/22","2/12/22","Early_Exposure","EE",3,14.17,4243546,1
"61","2_381",4,2,17,"OF680","OF680","Y","D",24,3,"Diseased",0.3,5,0,NA,NA,NA,NA,2,"381-4_2/14/22","381",4,"24 _ 2 _ OF680","T_381_Exp_2_Box_4",1,1,1,"T_381_Exp_2",0,1,0,0,1,"Early_Exposure","2/14/22",NA,"2/17/22","2/12/22","Early_Exposure","EE",3,33.93,4301335,1
"62","2_70",9,2,19,"OF566","OF566","Y","D",35,3,"Diseased",0.5,7,0,NA,NA,NA,NA,2,"70-1_2/8/22","70",1,"35 _ 2 _ OF566","T_70_Exp_2_Box_1",1,1,0.5,"T_70_Exp_2",0,1,0,0,1,"Pre_Exposure","2/8/22",NA,"2/19/22","2/12/22","Pre_Exposure","PE",1,41.55,4852642,1
"63","2_50",7,2,19,"OF393","OF393","Y","D",25,3,"Healthy",0,NA,NA,"ended as a watch; TL was never super clear, it just paled some",NA,NA,NA,2,"50-1_2/8/22","50",1,"25 _ 2 _ OF393","T_50_Exp_2_Box_1",1,0,0.333333333,"T_50_Exp_2",0,1,0,0,1,"Pre_Exposure","2/8/22",NA,"2/23/22","2/12/22","Pre_Exposure","PE",1,36.71,6234149,1
"64","2_567",6,2,18,"S483","S483","Y","D",29,4,"Diseased",0.2,6,1,"no final pair, but sample taken day before",NA,NA,NA,2,"567-6_2/18/22","567",6,"29 _ 2 _ S483","T_567_Exp_2_Box_6",1,1,1,"T_567_Exp_2",0,1,0,0,1,"Initial_Disease","2/18/22","2/18/22","2/19/22","2/12/22","Initial_Disease","ID",4,24.88,5078766,1
"65","2_15",5,2,20,"OF23","OF23","Y","D",8,4,"Diseased",0.3,1,5,NA,NA,NA,NA,2,"15-1_2/8/22","15",1,"8 _ 2 _ OF23","T_15_Exp_2_Box_1",1,1,1,"T_15_Exp_2",0,1,0,0,1,"Pre_Exposure","2/8/22","2/13/22","2/18/22","2/12/22","Pre_Exposure","PE",1,29.56,7792400,1
"66","2_370",4,2,19,"OF3","OF3","Y","D",19,3,"Diseased",0.2,4,0,NA,NA,NA,NA,2,"370-4_2/14/22","370",4,"19 _ 2 _ OF3","T_370_Exp_2_Box_4",1,1,0.666666667,"T_370_Exp_2",0,1,0,0,1,"Early_Exposure","2/14/22",NA,"2/16/22","2/12/22","Early_Exposure","EE",3,42.37,4675543,1
"67","2_62",3,2,19,"OF132","OF132","Y","D",31,3,"Diseased",0.25,4,0,NA,NA,NA,NA,2,"62-1_2/8/22","62",1,"31 _ 2 _ OF132","T_62_Exp_2_Box_1",1,1,0.666666667,"T_62_Exp_2",0,1,0,0,1,"Pre_Exposure","2/8/22",NA,"2/16/22","2/12/22","Pre_Exposure","PE",1,44.92,5614176,1
"68","2_95",4,2,21,"OF457","OF457","Y","D",48,3,"Diseased",0.95,4,0,NA,NA,NA,NA,2,"95-2_2/8/22","95",2,"48 _ 2 _ OF457","T_95_Exp_2_Box_2",1,1,1,"T_95_Exp_2",0,1,0,0,1,"Pre_Exposure","2/8/22",NA,"2/16/22","2/12/22","Pre_Exposure","PE",1,24.37,4306904,1
"69","2_68",4,2,20,"OF649","OF649","Y","D",34,3,"Diseased",0.6,1,1,NA,NA,NA,NA,2,"68-1_2/8/22","68",1,"34 _ 2 _ OF649","T_68_Exp_2_Box_1",1,1,1,"T_68_Exp_2",0,1,0,0,1,"Pre_Exposure","2/8/22","2/13/22","2/14/22","2/12/22","Pre_Exposure","PE",1,37.12,5884393,1
"70","2_356",6,2,20,"S331","S331","Y","D",10,4,"Diseased",0.2,6,1,NA,NA,NA,NA,2,"356-4_2/14/22","356",4,"10 _ 2 _ S331","T_356_Exp_2_Box_4",1,1,1,"T_356_Exp_2",0,1,0,0,1,"Early_Exposure","2/14/22","2/18/22","2/19/22","2/12/22","Early_Exposure","EE",3,39.34,9232776,1
"71","2_4",1,2,20,"S503","S503","Y","D",2,3,"Diseased",0.6,5,0,NA,NA,NA,NA,2,"4-1_2/8/22","4",1,"2 _ 2 _ S503","T_4_Exp_2_Box_1",1,1,1,"T_4_Exp_2",0,1,0,0,1,"Pre_Exposure","2/8/22",NA,"2/17/22","2/12/22","Pre_Exposure","PE",1,48.52,12732904,1
"72","2_88",2,2,19,"OF46","OF46","Y","D",44,3,"Diseased",0.2,7,0,NA,NA,NA,NA,2,"88-2_2/8/22","88",2,"44 _ 2 _ OF46","T_88_Exp_2_Box_2",1,1,1,"T_88_Exp_2",0,1,0,0,1,"Pre_Exposure","2/8/22",NA,"2/19/22","2/12/22","Pre_Exposure","PE",1,59.08,7530733,1
"73","2_39",4,2,20,"OF100","OF100","Y","D",20,3,"Diseased",0.1,4,0,NA,NA,NA,NA,2,"39-1_2/8/22","39",1,"20 _ 2 _ OF100","T_39_Exp_2_Box_1",1,1,1,"T_39_Exp_2",0,1,0,0,1,"Pre_Exposure","2/8/22",NA,"2/16/22","2/12/22","Pre_Exposure","PE",1,38.8,5279586,1
"74","2_419",8,2,20,"S331","S331","Y","D",43,3,"Diseased",0.5,7,0,NA,NA,NA,NA,2,"419-5_2/14/22","419",5,"43 _ 2 _ S331","T_419_Exp_2_Box_5",1,1,1,"T_419_Exp_2",0,1,0,0,1,"Early_Exposure","2/14/22",NA,"2/19/22","2/12/22","Early_Exposure","EE",3,48.2,8227373,1
"75","2_7",1,2,19,"GB24","GB24","N","D",4,3,"Healthy",0,NA,NA,NA,NA,NA,NA,2,"7-1_2/8/22","7",1,"4 _ 2 _ GB24","T_7_Exp_2_Box_1",1,0,0.666666667,"T_7_Exp_2",0,1,0,0,1,"Pre_Exposure","2/8/22",NA,"2/23/22","2/12/22","Pre_Exposure","PE",1,37.8,6582662,1
"76","2_384",4,2,18,"OF200","OF200","Y","D",26,4,"Diseased",0.5,6,1,NA,NA,NA,NA,2,"384-5_2/14/22","384",5,"26 _ 2 _ OF200","T_384_Exp_2_Box_5",1,1,1,"T_384_Exp_2",0,1,0,0,1,"Early_Exposure","2/14/22","2/18/22","2/19/22","2/12/22","Early_Exposure","EE",3,35.32,4588181,1
"77","2_235",5,2,20,"OF61","OF61","Y","D",50,4,"Diseased",0.5,1,8,NA,NA,NA,NA,2,"235-3_2/13/22","235",3,"50 _ 2 _ OF61","T_235_Exp_2_Box_3",1,1,1,"T_235_Exp_2",0,1,0,0,1,"Initial_Disease","2/13/22","2/13/22","2/21/22","2/12/22","Pre_Early_Exposure","PEE",2,54.64,10818159,1
"78","2_100",3,2,18,"OF61","OF61","Y","D",50,4,"Diseased",0.5,1,8,NA,NA,NA,NA,2,"100-2_2/8/22","100",2,"50 _ 2 _ OF61","T_100_Exp_2_Box_2",1,1,1,"T_100_Exp_2",0,1,0,0,1,"Pre_Exposure","2/8/22","2/13/22","2/21/22","2/12/22","Pre_Exposure","PE",1,34.99,6361026,1
"79","2_44",6,2,19,"S439","S439","Y","D",22,3,"Healthy",0,NA,NA,NA,NA,NA,NA,2,"44-1_2/8/22","44",1,"22 _ 2 _ S439","T_44_Exp_2_Box_1",1,0,0.5,"T_44_Exp_2",0,1,0,0,1,"Pre_Exposure","2/8/22",NA,"2/23/22","2/12/22","Pre_Exposure","PE",1,34.73,4096978,1
"80","2_507",5,2,19,"OF99","OF99","Y","D",28,4,"Diseased",0.5,4,1,NA,NA,NA,NA,2,"507-6_2/16/22","507",6,"28 _ 2 _ OF99","T_507_Exp_2_Box_6",1,1,1,"T_507_Exp_2",0,1,0,0,1,"Initial_Disease","2/16/22","2/16/22","2/17/22","2/12/22","Initial_Disease","ID",4,35.58,5090700,1
"81","2_344",4,2,20,"GB24","GB24","N","D",4,3,"Healthy",0,NA,NA,NA,NA,NA,NA,2,"344-4_2/14/22","344",4,"4 _ 2 _ GB24","T_344_Exp_2_Box_4",1,0,0.666666667,"T_344_Exp_2",0,1,0,0,1,"Early_Exposure","2/14/22",NA,"2/23/22","2/12/22","Early_Exposure","EE",3,35.37,4066464,1
"82","2_348",7,2,18,"S483","S483","Y","D",6,3,"Diseased",0.6,6,0,NA,NA,NA,NA,2,"348-4_2/14/22","348",4,"6 _ 2 _ S483","T_348_Exp_2_Box_4",1,1,1,"T_348_Exp_2",0,1,0,0,1,"Early_Exposure","2/14/22",NA,"2/18/22","2/12/22","Early_Exposure","EE",3,38.22,5923343,1
"83","2_353",5,2,18,"GB14","GB14","N","D",9,3,"Healthy",0,NA,NA,NA,NA,NA,NA,2,"353-4_2/14/22","353",4,"9 _ 2 _ GB14","T_353_Exp_2_Box_4",1,0,0.666666667,"T_353_Exp_2",0,1,0,0,1,"Early_Exposure","2/14/22",NA,"2/23/22","2/12/22","Early_Exposure","EE",3,63.89,7999231,1
"84","2_405",9,2,21,"OF566","OF566","Y","D",35,3,"Diseased",0.5,7,0,NA,NA,NA,NA,2,"405-5_2/14/22","405",5,"35 _ 2 _ OF566","T_405_Exp_2_Box_5",1,1,0.5,"T_405_Exp_2",0,1,0,0,1,"Early_Exposure","2/14/22",NA,"2/19/22","2/12/22","Early_Exposure","EE",3,45.02,7303184,1
"85","2_77",4,2,23,"GB30","GB30","N","D",39,3,"Diseased",0.15,1,1,NA,NA,NA,NA,2,"77-1_2/8/22","77",1,"39 _ 2 _ GB30","T_77_Exp_2_Box_1",1,1,1,"T_77_Exp_2",0,1,0,0,1,"Pre_Exposure","2/8/22","2/13/22","2/14/22","2/12/22","Pre_Exposure","PE",1,53.62,11612107,1
"86","2_411",1,2,21,"GB15","GB15","N","D",38,3,"Diseased",0.4,4,0,NA,NA,NA,NA,2,"411-5_2/14/22","411",5,"38 _ 2 _ GB15","T_411_Exp_2_Box_5",1,1,1,"T_411_Exp_2",0,1,0,0,1,"Early_Exposure","2/14/22",NA,"2/16/22","2/12/22","Early_Exposure","EE",3,38.49,6342472,1
"87","2_410",2,2,20,"GB2","GB2","N","D",38,3,"Diseased",0.4,4,0,NA,NA,NA,NA,2,"410-5_2/14/22","410",5,"38 _ 2 _ GB2","T_410_Exp_2_Box_5",1,1,1,"T_410_Exp_2",0,1,0,0,1,"Early_Exposure","2/14/22",NA,"2/16/22","2/12/22","Early_Exposure","EE",3,52.74,12093189,1
"88","2_10",2,2,22,"GB23","GB23","N","D",5,3,"Diseased",0.2,2,4,NA,NA,NA,NA,2,"10-1_2/8/22","10",1,"5 _ 2 _ GB23","T_10_Exp_2_Box_1",1,1,1,"T_10_Exp_2",0,1,0,0,1,"Pre_Exposure","2/8/22","2/14/22","2/18/22","2/12/22","Pre_Exposure","PE",1,45.36,5815170,1
"89","2_346",3,2,22,"GB23","GB23","N","D",5,3,"Diseased",0.2,2,4,NA,NA,NA,NA,2,"346-4_2/14/22","346",4,"5 _ 2 _ GB23","T_346_Exp_2_Box_4",1,1,1,"T_346_Exp_2",0,1,0,0,1,"Initial_Disease","2/14/22","2/14/22","2/18/22","2/12/22","Early_Exposure","EE",3,60.26,5670436,1
"90","2_375",2,2,19,"GB31","GB31","N","D",21,4,"Diseased",0.5,6,1,NA,NA,NA,NA,2,"375-4_2/14/22","375",4,"21 _ 2 _ GB31","T_375_Exp_2_Box_4",1,1,1,"T_375_Exp_2",0,1,0,0,1,"Early_Exposure","2/14/22","2/18/22","2/19/22","2/12/22","Early_Exposure","EE",3,33.41,5122984,1
"91","2_25",1,2,22,"GB25","GB25","N","D",13,3,"Diseased",0.5,3,0,NA,NA,NA,NA,2,"25-1_2/8/22","25",1,"13 _ 2 _ GB25","T_25_Exp_2_Box_1",1,1,1,"T_25_Exp_2",0,1,0,0,1,"Pre_Exposure","2/8/22",NA,"2/15/22","2/12/22","Pre_Exposure","PE",1,49.79,6862904,1
"92","2_21",2,2,22,"GB20","GB20","N","D",11,4,"Diseased",0.3,6,1,NA,NA,NA,NA,2,"21-1_2/8/22","21",1,"11 _ 2 _ GB20","T_21_Exp_2_Box_1",1,1,1,"T_21_Exp_2",0,1,0,0,1,"Pre_Exposure","2/8/22","2/18/22","2/19/22","2/12/22","Pre_Exposure","PE",1,40.89,5896809,1
"93","2_65",1,2,23,"1-OF-2","1_OF_2","Y","D",33,3,"Diseased",0.6,1,1,NA,NA,NA,NA,2,"65-1_2/8/22","65",1,"33 _ 2 _ 1-OF-2","T_65_Exp_2_Box_1",1,1,1,"T_65_Exp_2",0,1,0,0,1,"Pre_Exposure","2/8/22","2/13/22","2/14/22","2/12/22","Pre_Exposure","PE",1,38.66,4318936,1
"94","2_369",2,2,23,"GB11","GB11","N","D",18,3,"Diseased",0.2,4,0,NA,NA,NA,NA,2,"369-4_2/14/22","369",4,"18 _ 2 _ GB11","T_369_Exp_2_Box_4",1,1,1,"T_369_Exp_2",0,1,0,0,1,"Early_Exposure","2/14/22",NA,"2/16/22","2/12/22","Early_Exposure","EE",3,30.91,4132988,1
"95","2_24",1,2,23,"GB28","GB28","N","D",12,3,"Diseased",0.5,1,1,NA,NA,NA,NA,2,"24-1_2/8/22","24",1,"12 _ 2 _ GB28","T_24_Exp_2_Box_1",1,1,1,"T_24_Exp_2",0,1,0,0,1,"Pre_Exposure","2/8/22","2/13/22","2/14/22","2/12/22","Pre_Exposure","PE",1,39.15,4976986,1
"96","2_429",2,2,23,"OF554","OF554","Y","D",48,3,"Diseased",0.3,6,0,NA,NA,NA,NA,2,"429-5_2/14/22","429",5,"48 _ 2 _ OF554","T_429_Exp_2_Box_5",1,1,1,"T_429_Exp_2",0,1,0,0,1,"Early_Exposure","2/14/22",NA,"2/18/22","2/12/22","Early_Exposure","EE",3,42.86,5747449,1
"97","2_34",2,2,22,"GB22","GB22","N","D",17,2,"Diseased",0.5,2,0,NA,NA,NA,NA,2,"34-1_2/8/22","34",1,"17 _ 2 _ GB22","T_34_Exp_2_Box_1",1,1,1,"T_34_Exp_2",0,1,0,0,1,"Pre_Exposure","2/8/22",NA,"2/14/22","2/12/22","Pre_Exposure","PE",1,47.2,7537238,1
"98","2_3",1,2,23,"GB29","GB29","N","D",2,3,"Diseased",0.1,4,0,NA,NA,NA,NA,2,"3-1_2/8/22","3",1,"2 _ 2 _ GB29","T_3_Exp_2_Box_1",1,1,1,"T_3_Exp_2",0,1,0,0,1,"Pre_Exposure","2/8/22",NA,"2/16/22","2/12/22","Pre_Exposure","PE",1,39.76,7570486,1
"99","2_9",4,2,NA,"OF1","OF1","Y","D",5,3,"Diseased",0.3,4,0,NA,NA,NA,NA,2,"9-1_2/8/22","9",1,"5 _ 2 _ OF1","T_9_Exp_2_Box_1",1,1,1,"T_9_Exp_2",0,1,0,0,1,"Pre_Exposure","2/8/22",NA,"2/16/22","2/12/22","Pre_Exposure","PE",1,45.61,4940967,1
"100","2_229",3,2,NA,"GB9","GB9","N","D",33,4,"Diseased",0.4,1,2,NA,NA,NA,NA,2,"229-3_2/13/22","229",3,"33 _ 2 _ GB9","T_229_Exp_2_Box_3",1,1,1,"T_229_Exp_2",0,1,0,0,1,"Initial_Disease","2/13/22","2/13/22","2/15/22","2/12/22","Pre_Early_Exposure","PEE",2,39.26,4056160,1
"101","2_400",1,2,NA,"GB9","GB9","N","D",33,4,"Diseased",0.4,1,2,NA,NA,NA,NA,2,"400-5_2/14/22","400",5,"33 _ 2 _ GB9","T_400_Exp_2_Box_5",1,1,1,"T_400_Exp_2",0,1,0,0,1,"Early_Exposure","2/14/22","2/13/22","2/15/22","2/12/22","Early_Exposure","EE",3,27.62,4586667,1
"102","2_46",2,2,NA,"GB18","GB18","N","D",23,3,"Diseased",0.4,6,0,NA,NA,NA,NA,2,"46-1_2/8/22","46",1,"23 _ 2 _ GB18","T_46_Exp_2_Box_1",1,1,1,"T_46_Exp_2",0,1,0,0,1,"Pre_Exposure","2/8/22",NA,"2/18/22","2/12/22","Pre_Exposure","PE",1,34.31,5838488,1
"103","2_19",1,2,NA,"GB12","GB12","N","D",10,4,"Diseased",0.2,6,5,NA,NA,NA,NA,2,"19-1_2/8/22","19",1,"10 _ 2 _ GB12","T_19_Exp_2_Box_1",1,1,1,"T_19_Exp_2",0,1,0,0,1,"Pre_Exposure","2/8/22","2/18/22","2/23/22","2/12/22","Pre_Exposure","PE",1,27.16,4411645,1
"104","2_379",4,2,NA,"GB18","GB18","N","D",23,3,"Diseased",0.4,6,0,NA,NA,NA,NA,2,"379-4_2/14/22","379",4,"23 _ 2 _ GB18","T_379_Exp_2_Box_4",1,1,1,"T_379_Exp_2",0,1,0,0,1,"Early_Exposure","2/14/22",NA,"2/18/22","2/12/22","Early_Exposure","EE",3,30.79,6681134,1
"105","2_227",3,2,NA,"GB28","GB28","N","D",12,3,"Diseased",0.5,1,1,NA,NA,NA,NA,2,"227-3_2/13/22","227",3,"12 _ 2 _ GB28","T_227_Exp_2_Box_3",1,1,1,"T_227_Exp_2",0,1,0,0,1,"Initial_Disease","2/13/22","2/13/22","2/14/22","2/12/22","Pre_Early_Exposure","PEE",2,30.98,5464021,1
"106","2_137",1.5,1,NA,"GB4","GB4","N","C",58,3,"Control",0,NA,NA,NA,NA,NA,NA,2,"137-2_2/8/22","137",2,"58 _ 2 _ GB4","T_137_Exp_2_Box_2",0,0,0.666666667,"T_137_Exp_2",0,1,0,0,1,"Pre_Exposure","2/8/22",NA,"2/16/22","2/12/22","Pre_Exposure","PE",1,34.52,6553544,1
"107","2_289",0.5,1,NA,"GB3","GB3","N","C",61,3,"Control",0,NA,NA,NA,NA,NA,NA,2,"289-4_2/14/22","289",4,"61 _ 2 _ GB3","T_289_Exp_2_Box_4",0,0,0.666666667,"T_289_Exp_2",0,1,0,0,1,"Early_Exposure","2/14/22",NA,"2/17/22","2/12/22","Early_Exposure","EE",3,30.14,5976594,1
"108","2_248",0.7,1,NA,"GB26","GB26","N","C",52,3,"Control",0,NA,NA,NA,NA,NA,NA,2,"248-3_2/14/22","248",3,"52 _ 2 _ GB26","T_248_Exp_2_Box_3",0,0,0.333333333,"T_248_Exp_2",0,1,0,0,1,"Early_Exposure","2/14/22",NA,"2/23/22","2/12/22","Early_Exposure","EE",3,47.43,14008356,1
"109","2_276",1.2,1,NA,"GB4","GB4","N","C",58,3,"Control",0,NA,NA,NA,NA,NA,NA,2,"276-3_2/14/22","276",3,"58 _ 2 _ GB4","T_276_Exp_2_Box_3",0,0,0.666666667,"T_276_Exp_2",0,1,0,0,1,"Early_Exposure","2/14/22",NA,"2/16/22","2/12/22","Early_Exposure","EE",3,40.26,12529721,1
"110","2_170",0.6,1,NA,"GB8","GB8","N","C",65,4,"Control",0,NA,NA,NA,NA,NA,NA,2,"170-2_2/8/22","170",2,"65 _ 2 _ GB8","T_170_Exp_2_Box_2",0,0,0.333333333,"T_170_Exp_2",0,1,0,0,1,"Pre_Exposure","2/8/22","2/23/22","2/23/22","2/12/22","Pre_Exposure","PE",1,43.16,7719094,1
"111","2_402",1.1,1,NA,"OF649","OF649","Y","D",34,3,"Diseased",0.6,1,1,NA,NA,NA,NA,2,"402-5_2/14/22","402",5,"34 _ 2 _ OF649","T_402_Exp_2_Box_5",1,1,1,"T_402_Exp_2",0,1,0,0,1,"Final","2/14/22","2/13/22","2/14/22","2/12/22","Early_Exposure","EE",3,30.51,6016589,1
"112","2_389",1.1,1,NA,"OF99","OF99","Y","D",28,4,"Diseased",0.5,4,1,NA,NA,NA,NA,2,"389-5_2/14/22","389",5,"28 _ 2 _ OF99","T_389_Exp_2_Box_5",1,1,1,"T_389_Exp_2",0,1,0,0,1,"Early_Exposure","2/14/22","2/16/22","2/17/22","2/12/22","Early_Exposure","EE",3,50.49,9099594,1
"113","2_409",1.1,1,NA,"OF96","OF96","Y","D",37,3,"Diseased",0.5,1,1,NA,NA,NA,NA,2,"409-5_2/14/22","409",5,"37 _ 2 _ OF96","T_409_Exp_2_Box_5",1,1,0.666666667,"T_409_Exp_2",0,1,0,0,1,"Final","2/14/22","2/13/22","2/14/22","2/12/22","Early_Exposure","EE",3,61.55,4409418,1
"114","2_168",0.7,1,NA,"OF657","OF657","Y","C",64,3,"Control",0,NA,NA,NA,NA,NA,NA,2,"168-2_2/8/22","168",2,"64 _ 2 _ OF657","T_168_Exp_2_Box_2",0,0,0.666666667,"T_168_Exp_2",0,1,0,0,1,"Pre_Exposure","2/8/22",NA,"2/17/22","2/12/22","Pre_Exposure","PE",1,51.75,10309500,1
"115","2_263",0.7,1,NA,"GB21","GB21","N","C",55,4,"Control",0,NA,NA,NA,NA,NA,NA,2,"263-3_2/14/22","263",3,"55 _ 2 _ GB21","T_263_Exp_2_Box_3",0,0,0.666666667,"T_263_Exp_2",0,1,0,0,1,"Early_Exposure","2/14/22","2/20/22","2/21/22","2/12/22","Early_Exposure","EE",3,37.2,11434792,1
